"Parcel ID","Address","Sale Price","Sale Date","Sale Condition","Assessed Value","Parcel Type","Year Built","Total Living Area","Finished Bsmt Area","Lot Area","Bedrooms","Central Air","Fireplaces","Occupancy","Style","Neighborhood","INSTRUMENTNUMBER"
"0527108020","4317 HARRISON CIR","300000","6/1/2013 12:00:00 AM","Normal","337000","Dwg&Lot","2006","1651","1300","14859","3","Yes","1","Single-family detached (includes detached townhouses)","One story","Gilbert","201306570"
"0527108070","4302 HARRISON CIR","377500","10/1/2009 12:00:00 AM","Normal","478300","Dwg&Lot","2006","1746","1320","14892","3","Yes","2","Single-family detached (includes detached townhouses)","One story","Gilbert","913478"
"0527108090","4316 HARRISON CIR","274725","9/1/2006 12:00:00 AM","Partial","329400","Dwg&Lot","2006","2021","868","23257","3","Yes","1","Single-family detached (includes detached townhouses)","Two story","Gilbert","700396"
"0527210040","1413 PANORAMIC CT","545224","9/1/2006 12:00:00 AM","Partial","684500","Dwg&Lot","2006","3390","1300","18062","5","Yes","1","Single-family detached (includes detached townhouses)","Two story","Stonebr","612967"
"0527210050","1407 PANORAMIC CT","382000","4/1/2015 12:00:00 AM","Normal","431900","Dwg&Lot","2006","2474","850","12292","4","Yes","1","Single-family detached (includes detached townhouses)","Two story","Stonebr","201503612"
"0527212040","4020 EDGEWATER DR","355000","3/1/2015 12:00:00 AM","Normal","340700","Dwg&Lot","2006","2495","0","12438","4","Yes","1","Single-family detached (includes detached townhouses)","Two story","Stonebr","201502129"
"0527214060","4008 FRANCES E DAVIS CT","535000","7/1/2006 12:00:00 AM","Partial","603600","Dwg&Lot","2006","2698","1206","16052","4","Yes","1","Single-family detached (includes detached townhouses)","One story","Stonebr","201012024"
"0527216050","4117 LAURA CT","438780","10/1/2006 12:00:00 AM","Partial","468400","Dwg&Lot","2006","2945","0","13682","3","Yes","1","Single-family detached (includes detached townhouses)","Two story","Stonebr","613551"
"0527216080","4120 LAURA CT","591587","6/1/2007 12:00:00 AM","Partial","740800","Dwg&Lot","2006","2338","2005","51974","4","Yes","2","Single-family detached (includes detached townhouses)","One story","Stonebr","706898"
"0527216090","4114 LAURA CT","124900","6/1/2006 12:00:00 AM","Normal","741900","Dwg&Lot","2006","3190","2073","28944","4","Yes","1","Single-family detached (includes detached townhouses)","Two story","Stonebr","607391"
"0527252050","3909 HOOVER AVE","332000","6/1/2013 12:00:00 AM","Normal","330400","Dwg&Lot","2006","1612","1062","8035","2","Yes","1","Townhouse:  end unit","One story","Stonebr","201307866"
"0527252060","3905 HOOVER AVE","44000","12/1/2006 12:00:00 AM","Normal","339000","Dwg&Lot","2006","1672","0","8061","2","Yes","1","Townhouse:  end unit","One story","Stonebr","615217"
"0527256030","1309 KINYON CIR","441929","1/1/2007 12:00:00 AM","Normal","534000","Dwg&Lot","2006","2582","1558","14082","1","Yes","1","Single-family detached (includes detached townhouses)","One story","Stonebr","700931"
"0527256040","1303 KINYON CIR","525000","8/1/2016 12:00:00 AM","Normal","530800","Dwg&Lot","2006","2042","1452","13870","3","Yes","1","Single-family detached (includes detached townhouses)","One story","Stonebr","201608353"
"0527365040","2920 SOMERSET DR","263000","7/1/2012 12:00:00 AM","Normal","261100","Dwg&Lot","2006","1552","1452","7842","3","Yes","1","Single-family detached (includes detached townhouses)","One story","Somerst","201208466"
"0527401060","1310 TOP O HOLLOW RD","310000","5/1/2014 12:00:00 AM","Normal","324800","Dwg&Lot","2006","1872","372","12000","2","Yes","1","Single-family detached (includes detached townhouses)","One story","N Ames","201403734"
"0528102040","4303 WEMBLEY AVE","348000","7/1/2014 12:00:00 AM","Normal","334000","Dwg&Lot","2006","1710","1172","12456","3","Yes","1","Single-family detached (includes detached townhouses)","One story","NRidgHt","201406073"
"0528102050","4311 WEMBLEY AVE","378700","12/1/2013 12:00:00 AM","Normal","386900","Dwg&Lot","2006","1803","1138","12469","3","Yes","1","Single-family detached (includes detached townhouses)","One story","NRidgHt","201314558"
"0528102060","4317 WEMBLEY AVE","54500","12/1/2005 12:00:00 AM","Normal","388200","Dwg&Lot","2006","2088","1426","14810","2","Yes","2","Single-family detached (includes detached townhouses)","One story","NRidgHt","515773"
"0528102070","4321 WEMBLEY AVE","422000","7/1/2015 12:00:00 AM","Normal","331400","Dwg&Lot","2006","2600","0","25137","4","Yes","1","Single-family detached (includes detached townhouses)","Two story","NRidgHt","201507404"
"0528102080","3333 SEDWICK ST","457000","6/1/2013 12:00:00 AM","Normal","419300","Dwg&Lot","2006","2589","1369","16387","4","Yes","1","Single-family detached (includes detached townhouses)","Two story","NRidgHt","201306809"
"0528102120","3305 SEDWICK ST","359900","8/1/2015 12:00:00 AM","Normal","355200","Dwg&Lot","2006","1694","1134","11825","3","Yes","1","Single-family detached (includes detached townhouses)","One story","NRidgHt","201508356"
"0528104020","3123 SEDWICK ST","52000","2/1/2006 12:00:00 AM","Normal","280700","Dwg&Lot","2006","1561","1246","12700","3","Yes","1","Single-family detached (includes detached townhouses)","One story","NRidgHt","602421"
"0528106010","3332 STOCKBURY ST","342643","9/1/2006 12:00:00 AM","Partial","379800","Dwg&Lot","2006","2596","0","16259","4","Yes","0","Single-family detached (includes detached townhouses)","Two story","NRidgHt","611460"
"0528106040","3306 STOCKBURY ST","390000","12/1/2014 12:00:00 AM","Normal","390000","Dwg&Lot","2006","2121","1191","14450","3","Yes","1","Single-family detached (includes detached townhouses)","One story","NRidgHt","201501677"
"0528106060","3206 STOCKBURY ST","328000","7/1/2015 12:00:00 AM","Normal","305800","Dwg&Lot","2006","2406","0","13440","4","Yes","1","Single-family detached (includes detached townhouses)","Two story","NRidgHt","201507525"
"0528106070","3209 WESTON DR","325000","11/1/2009 12:00:00 AM","Normal","346300","Dwg&Lot","2006","1652","1572","13173","2","Yes","2","Single-family detached (includes detached townhouses)","One story","NRidgHt","914427"
"0528106080","3217 WESTON DR","72000","4/1/2006 12:00:00 AM","Normal","351200","Dwg&Lot","2006","2074","1150","14646","3","Yes","1","Single-family detached (includes detached townhouses)","Two story","NRidgHt","604997"
"0528110050","3218 SEDWICK ST","470000","5/1/2012 12:00:00 AM","Normal","462900","Dwg&Lot","2006","2076","1386","13891","2","Yes","1","Single-family detached (includes detached townhouses)","One story","NRidgHt","201205797"
"0528110060","3208 SEDWICK ST","55000","4/1/2006 12:00:00 AM","Normal","406700","Dwg&Lot","2006","2298","1337","14150","4","Yes","1","Single-family detached (includes detached townhouses)","Two story","NRidgHt","201410625"
"0528110070","3207 STOCKBURY ST","405000","11/1/2012 12:00:00 AM","Normal","396800","Dwg&Lot","2006","1930","1398","14226","3","Yes","1","Single-family detached (includes detached townhouses)","One story","NRidgHt","21213770"
"0528110100","3313 STOCKBURY ST","380000","3/1/2007 12:00:00 AM","Normal","473100","Dwg&Lot","2006","2643","1410","13693","3","Yes","1","Single-family detached (includes detached townhouses)","Two story","NRidgHt","702761"
"0528112010","3128 STOCKBURY ST","293000","9/1/2006 12:00:00 AM","Partial","348400","Dwg&Lot","2006","2030","0","12228","4","Yes","0","Single-family detached (includes detached townhouses)","One story","NRidgHt","612104"
"0528112150","3125 WESTON DR","250000","5/1/2007 12:00:00 AM","Normal","268100","Dwg&Lot","2006","1634","0","11428","3","Yes","1","Single-family detached (includes detached townhouses)","One story","NRidgHt","705573"
"0528114050","3218 WESTON DR","460000","7/1/2014 12:00:00 AM","Normal","455600","Dwg&Lot","2006","1976","1640","14977","2","Yes","1","Single-family detached (includes detached townhouses)","One story","NRidgHt","201406508"
"0528118030","3317 PRESTON CIR","390000","10/1/2008 12:00:00 AM","Abnorml","448900","Dwg&Lot","2006","2748","1420","13418","4","Yes","1","Single-family detached (includes detached townhouses)","Two story","NRidgHt","901772"
"0528120020","3120 WESTON DR","302000","5/1/2011 12:00:00 AM","Normal","329600","Dwg&Lot","2006","1639","1323","11146","3","Yes","1","Single-family detached (includes detached townhouses)","One story","NRidgHt","201105073"
"0528120170","3127 BECKLEY ST","300000","2/1/2009 12:00:00 AM","Normal","298800","Dwg&Lot","2006","1531","1037","10872","2","Yes","1","Single-family detached (includes detached townhouses)","One story","NRidgHt","201407881"
"0528142060","3022 BECKLEY ST","328000","7/1/2015 12:00:00 AM","Normal","308800","Dwg&Lot","2006","2389","0","10672","4","Yes","1","Single-family detached (includes detached townhouses)","Two story","NRidgHt","201507378"
"0528144010","3023 HARRISON RD","235000","9/1/2012 12:00:00 AM","Normal","262600","Dwg&Lot","2006","1607","1129","11070","3","Yes","1","Single-family detached (includes detached townhouses)","Two story","NRidgHt","201211040"
"0528144030","3011 HARRISON RD","317000","7/1/2013 12:00:00 AM","Normal","288500","Dwg&Lot","2006","1970","472","11065","3","Yes","1","Single-family detached (includes detached townhouses)","Two story","NRidgHt","201309129"
"0528150040","3210 WESTON DR","372000","6/1/2007 12:00:00 AM","Normal","420700","Dwg&Lot","2006","1802","1544","13615","3","Yes","2","Single-family detached (includes detached townhouses)","One story","NRidgHt","706395"
"0528172060","3016 HARRISON RD","255900","7/1/2009 12:00:00 AM","Normal","265500","Dwg&Lot","2006","1606","0","9658","3","Yes","1","Single-family detached (includes detached townhouses)","One story","NRidgHt","910200"
"0528172075","3004 HARRISON RD","350000","7/1/2015 12:00:00 AM","Normal","317700","Dwg&Lot","2006","2036","1000","10732","3","Yes","1","Single-family detached (includes detached townhouses)","Two story","NRidgHt","201507265"
"0528181050","2910 ROXBORO DR","205000","4/1/2010 12:00:00 AM","Normal","198800","Dwg&Lot","2006","1370","24","7132","2","Yes","1","Townhouse:  end unit","One story","NRidgHt","1003928"
"0528181060","2908 ROXBORO DR","226000","6/1/2014 12:00:00 AM","Normal","277100","Dwg&Lot","2006","1556","950","4590","2","Yes","1","Townhouse:  inner unit","One story","NRidgHt","201404941"
"0528181070","2904 ROXBORO DR","258000","5/1/2014 12:00:00 AM","Normal","265700","Dwg&Lot","2006","1554","906","4590","2","Yes","1","Townhouse:  inner unit","One story","NRidgHt","201404061"
"0528181080","2902 ROXBORO DR","202500","10/1/2007 12:00:00 AM","Normal","198800","Dwg&Lot","2006","1370","24","6442","2","Yes","1","Townhouse:  end unit","One story","NRidgHt","713633"
"0528186100","3038 BURNHAM DR","332200","6/1/2006 12:00:00 AM","Partial","334800","Dwg&Lot","2006","1686","1023","7740","1","Yes","1","Townhouse:  end unit","One story","NRidgHt","608070"
"0528186110","3032 BURNHAM DR","310090","6/1/2006 12:00:00 AM","Partial","295400","Dwg&Lot","2006","1666","415","6373","2","Yes","1","Townhouse:  end unit","One story","NRidgHt","608249"
"0528186160","3703 CHILTON AVE","234250","6/1/2008 12:00:00 AM","Normal","216500","Dwg&Lot","2006","1342","846","6240","2","Yes","1","Townhouse:  end unit","One story","NRidgHt","201411418"
"0528186170","3629 CHILTON AVE","219500","2/1/2008 12:00:00 AM","Normal","208200","Dwg&Lot","2006","1342","24","6240","2","Yes","1","Townhouse:  end unit","One story","NRidgHt","802218"
"0528186180","3623 CHILTON AVE","254000","12/1/2009 12:00:00 AM","Normal","235900","Dwg&Lot","2006","1324","863","6240","2","Yes","1","Townhouse:  end unit","One story","NRidgHt","1000835"
"0528186190","3617 CHILTON AVE","221370","9/1/2007 12:00:00 AM","Partial","208200","Dwg&Lot","2006","1342","24","6240","2","Yes","1","Townhouse:  end unit","One story","NRidgHt","201107930"
"0528218080","4213 CRESTMOOR AVE","200000","10/1/2013 12:00:00 AM","Normal","223100","Dwg&Lot","2006","1492","626","10237","3","Yes","0","Single-family detached (includes detached townhouses)","Two story","Gilbert","201313149"
"0528218100","4205 CRESTMOOR AVE","222000","7/1/2015 12:00:00 AM","Normal","183700","Dwg&Lot","2006","1409","0","13204","3","Yes","0","Single-family detached (includes detached townhouses)","Two story","Gilbert","201507295"
"0528218130","4111 CRESTMOOR AVE","174000","12/1/2010 12:00:00 AM","Normal","205400","Dwg&Lot","2006","1496","0","17104","3","Yes","1","Single-family detached (includes detached townhouses)","Two story","Gilbert","201608142"
"0528218140","4107 CRESTMOOR AVE","219210","11/1/2006 12:00:00 AM","Partial","255700","Dwg&Lot","2006","1863","0","14054","4","Yes","1","Single-family detached (includes detached townhouses)","Two story","Gilbert","614074"
"0528221010","2714 LAUREL ST","174190","7/1/2006 12:00:00 AM","Partial","241400","Dwg&Lot","2006","1326","1031","11660","3","Yes","0","Single-family detached (includes detached townhouses)","One story","Gilbert","608398"
"0528221030","4215 WELBECK DR","210000","9/1/2015 12:00:00 AM","Normal","229700","Dwg&Lot","2006","1495","700","8857","3","Yes","1","Single-family detached (includes detached townhouses)","Two story","Gilbert","201509334"
"0528221040","4211 WELBECK DR","196500","3/1/2014 12:00:00 AM","Abnorml","224200","Dwg&Lot","2006","1746","0","9729","4","Yes","0","Single-family detached (includes detached townhouses)","Two story","Gilbert","201402246"
"0528221100","4220 CRESTMOOR AVE","172785","5/1/2006 12:00:00 AM","Partial","202300","Dwg&Lot","2006","1456","0","15578","3","Yes","0","Single-family detached (includes detached townhouses)","Two story","Gilbert","606321"
"0528222020","4116 WELBECK DR","210000","2/1/2016 12:00:00 AM","Normal","220200","Dwg&Lot","2006","1492","382","9073","3","Yes","0","Single-family detached (includes detached townhouses)","Two story","Gilbert","201601180"
"0528222050","4210 WELBECK DR","156932","3/1/2007 12:00:00 AM","Partial","206100","Dwg&Lot","2006","1412","458","8499","3","Yes","1","Single-family detached (includes detached townhouses)","Two story","Gilbert","703384"
"0528228270","2421 WESTWIND DR","172500","6/1/2007 12:00:00 AM","Partial","243500","Dwg&Lot","2006","1258","799","3922","2","Yes","1","Townhouse:  end unit","One story","Blmngtn","707663"
"0528228275","2419 WESTWIND DR","232000","9/1/2013 12:00:00 AM","Normal","262200","Dwg&Lot","2006","1402","970","3922","2","Yes","0","Townhouse:  end unit","One story","Blmngtn","201312006"
"0528228280","2415 WESTWIND DR","233500","6/1/2014 12:00:00 AM","Normal","216300","Dwg&Lot","2006","1364","453","3087","2","Yes","1","Townhouse:  end unit","One story","Blmngtn","201404633"
"0528228285","2413 WESTWIND DR","158000","10/1/2011 12:00:00 AM","Normal","182200","Dwg&Lot","2006","1145","16","3203","2","Yes","0","Townhouse:  end unit","One story","Blmngtn","201110779"
"0528228575","2418 LAKESIDE DR","232546","6/1/2012 12:00:00 AM","Normal","282000","Dwg&Lot","2006","1567","1154","3982","1","Yes","1","Townhouse:  end unit","One story","Blmngtn","201609808"
"0528228580","2420 LAKESIDE DR","246578","10/1/2006 12:00:00 AM","Partial","264300","Dwg&Lot","2006","1500","1070","4045","2","Yes","1","Townhouse:  end unit","One story","Blmngtn","613759"
"0528235170","3914 WELBECK DR","206580","4/1/2007 12:00:00 AM","Partial","268700","Dwg&Lot","2006","1525","270","10936","3","Yes","1","Single-family detached (includes detached townhouses)","One story","Gilbert","703629"
"0528292080","2404 GRANT CIR","287602","8/1/2006 12:00:00 AM","Partial","305800","Dwg&Lot","2006","2322","0","12104","4","Yes","0","Single-family detached (includes detached townhouses)","Two story","Gilbert","609977"
"0528429050","3306 KENT AVE","232000","7/1/2008 12:00:00 AM","Normal","270200","Dwg&Lot","2006","1574","970","11957","3","Yes","1","Single-family detached (includes detached townhouses)","One story","Somerst","808719"
"0528429070","3220 KENT AVE","295000","12/1/2014 12:00:00 AM","Normal","271100","Dwg&Lot","2006","1578","1096","13253","3","Yes","1","Single-family detached (includes detached townhouses)","One story","Somerst","201411345"
"0528429090","2425 DALTON CIR","320000","3/1/2007 12:00:00 AM","Normal","346700","Dwg&Lot","2006","1905","367","11670","3","Yes","1","Single-family detached (includes detached townhouses)","One story","Somerst","702395"
"0528429100","2421 DALTON CIR","336820","9/1/2006 12:00:00 AM","Partial","326600","Dwg&Lot","2006","1687","1579","15218","2","Yes","1","Single-family detached (includes detached townhouses)","One story","Somerst","613008"
"0528429130","2426 DALTON CIR","295000","1/1/2011 12:00:00 AM","Normal","329400","Dwg&Lot","2006","1660","1220","10182","3","Yes","1","Single-family detached (includes detached townhouses)","One story","Somerst","201100984"
"0528431030","3225 KENT AVE","268000","5/1/2014 12:00:00 AM","Normal","243000","Dwg&Lot","2006","1534","807","10612","3","Yes","1","Single-family detached (includes detached townhouses)","One story","Somerst","201404476"
"0528431050","2507 DALTON ST","255000","6/1/2007 12:00:00 AM","Normal","282700","Dwg&Lot","2006","1636","1033","13501","3","Yes","1","Single-family detached (includes detached townhouses)","One story","Somerst","706712"
"0528431110","3224 CULLEN DR","147000","2/1/2007 12:00:00 AM","Partial","314400","Dwg&Lot","2006","1795","1225","9986","2","Yes","1","Single-family detached (includes detached townhouses)","One story","Somerst","702072"
"0528435070","2514 DALTON ST","227000","12/1/2007 12:00:00 AM","Normal","273700","Dwg&Lot","2006","1588","1048","10000","3","Yes","1","Single-family detached (includes detached townhouses)","One story","Somerst","714433"
"0528439010","2625 YORKSHIRE ST","267500","9/1/2013 12:00:00 AM","Normal","237400","Dwg&Lot","2006","1457","666","10037","3","Yes","1","Single-family detached (includes detached townhouses)","One story","Somerst","201311437"
"0528439060","2523 YORKSHIRE ST","245000","9/1/2009 12:00:00 AM","Normal","238900","Dwg&Lot","2006","1432","379","9139","3","Yes","1","Single-family detached (includes detached townhouses)","One story","Somerst","912349"
"0528445010","2626 YORKSHIRE ST","199000","9/1/2006 12:00:00 AM","Partial","214500","Dwg&Lot","2006","1504","0","10936","3","Yes","0","Single-family detached (includes detached townhouses)","One story","Somerst","611776"
"0528445020","2620 YORKSHIRE ST","263000","7/1/2014 12:00:00 AM","Normal","261000","Dwg&Lot","2006","1977","610","9605","3","Yes","0","Single-family detached (includes detached townhouses)","Two story","Somerst","201405994"
"0528445070","2518 YORKSHIRE ST","277500","11/1/2014 12:00:00 AM","Normal","306000","Dwg&Lot","2006","1826","1046","8778","3","Yes","0","Single-family detached (includes detached townhouses)","Two story","Somerst","201410030"
"0528456130","2709 ASPEN RD","0","","No Data","507100","Dwg&Lot","2006","5228","0","16719","4","Yes","0","Single-family detached (includes detached townhouses)","One story","Somerst","610739"
"0528456200","2823 ASPEN RD","198600","10/1/2006 12:00:00 AM","Partial","194800","Dwg&Lot","2006","1278","24","8640","2","Yes","0","Single-family detached (includes detached townhouses)","One story","Somerst","613687"
"0528456210","2829 ASPEN RD","39000","9/1/2006 12:00:00 AM","Normal","176400","Dwg&Lot","2006","884","0","9000","3","Yes","0","Single-family detached (includes detached townhouses)","Two story","Somerst","611665"
"0528456230","2841 ASPEN RD","210400","6/1/2007 12:00:00 AM","Partial","207400","Dwg&Lot","2006","1335","0","9000","3","Yes","0","Single-family detached (includes detached townhouses)","One story","Somerst","707155"
"0528458120","2719 CAMBRIDGE DR","247500","8/1/2010 12:00:00 AM","Normal","294500","Dwg&Lot","2006","1959","794","9000","3","Yes","1","Single-family detached (includes detached townhouses)","Two story","Somerst","201008584"
"0528458180","2826 CAMBRIDGE DR","238500","6/1/2009 12:00:00 AM","Normal","224100","Dwg&Lot","2006","1448","24","7500","2","Yes","1","Single-family detached (includes detached townhouses)","One story","Somerst","908162"
"0528477010","2625 KINGSTON DR","405749","11/1/2006 12:00:00 AM","Partial","395600","Dwg&Lot","2006","2640","1298","13162","3","Yes","1","Single-family detached (includes detached townhouses)","Two story","Somerst","614285"
"0528477020","2617 KINGSTON DR","249700","7/1/2007 12:00:00 AM","Normal","249800","Dwg&Lot","2006","1656","24","11096","3","Yes","1","Single-family detached (includes detached townhouses)","One story","Somerst","707533"
"0528477030","2611 KINGSTON DR","232600","6/1/2006 12:00:00 AM","Partial","228200","Dwg&Lot","2006","1489","0","11216","3","Yes","1","Single-family detached (includes detached townhouses)","One story","Somerst","607352"
"0528477070","2513 KINGSTON DR","280000","8/1/2012 12:00:00 AM","Normal","272800","Dwg&Lot","2006","1795","682","10603","3","Yes","1","Single-family detached (includes detached townhouses)","Two story","Somerst","201210660"
"0528480010","2624 KINGSTON DR","263000","9/1/2010 12:00:00 AM","Normal","258100","Dwg&Lot","2006","2112","0","12341","4","Yes","1","Single-family detached (includes detached townhouses)","Two story","Somerst","201009144"
"0528480070","2512 KINGSTON DR","270000","7/1/2010 12:00:00 AM","Abnorml","293600","Dwg&Lot","2006","1939","750","10728","3","Yes","1","Single-family detached (includes detached townhouses)","Two story","Somerst","201104858"
"0528480130","2527 CLAYTON DR","241000","10/1/2009 12:00:00 AM","Normal","215600","Dwg&Lot","2006","1550","727","8125","2","Yes","0","Single-family detached (includes detached townhouses)","Two story","Somerst","913588"
"0528480150","2609 CLAYTON DR","197000","8/1/2006 12:00:00 AM","Partial","291000","Dwg&Lot","2006","2982","0","8125","5","Yes","1","Single-family detached (includes detached townhouses)","Two story","Somerst","610942"
"0528482010","2428 KINGSTON DR","253000","4/1/2007 12:00:00 AM","Normal","247100","Dwg&Lot","2006","1685","0","11824","2","Yes","1","Single-family detached (includes detached townhouses)","One story","Somerst","703152"
"0528482040","2410 KINGSTON DR","291000","3/1/2009 12:00:00 AM","Normal","285600","Dwg&Lot","2006","1662","1430","10625","3","Yes","1","Single-family detached (includes detached townhouses)","One story","Somerst","903008"
"0528482070","2919 SOMERSET DR","49500","3/1/2006 12:00:00 AM","Normal","316800","Dwg&Lot","2006","1782","1225","9988","3","Yes","0","Single-family detached (includes detached townhouses)","One story","Somerst","603484"
"0528482080","2913 SOMERSET DR","365000","1/1/2014 12:00:00 AM","Normal","373400","Dwg&Lot","2006","2076","1390","9988","3","Yes","0","Single-family detached (includes detached townhouses)","One story","Somerst","201410089"
"0528488110","2526 CLAYTON DR","185000","5/1/2006 12:00:00 AM","Partial","214500","Dwg&Lot","2006","1262","905","7200","2","Yes","0","Single-family detached (includes detached townhouses)","One story","Somerst","201409272"
"0528488130","2606 CLAYTON DR","224750","6/1/2011 12:00:00 AM","Normal","226800","Dwg&Lot","2006","1301","895","7200","2","Yes","1","Single-family detached (includes detached townhouses)","One story","Somerst","201105774"
"0531363020","5410 KANSAS DR","146000","6/1/2007 12:00:00 AM","Partial","211500","Dwg&Lot","2006","1100","804","7500","3","Yes","0","Single-family detached (includes detached townhouses)","One story","SawyerW","707004"
"0531363030","5416 KANSAS DR","152000","6/1/2009 12:00:00 AM","Normal","194700","Dwg&Lot","2006","1141","54","7500","3","Yes","0","Single-family detached (includes detached townhouses)","One story","SawyerW","907332"
"0531363040","5422 KANSAS DR","147000","10/1/2007 12:00:00 AM","Normal","200800","Dwg&Lot","2006","1143","0","7500","3","Yes","0","Single-family detached (includes detached townhouses)","One story","SawyerW","201007347"
"0531373070","5504 TENNESSEE ST","25000","10/1/2006 12:00:00 AM","Normal","237800","Dwg&Lot","2006","1424","1301","12680","2","Yes","0","Single-family detached (includes detached townhouses)","One story","SawyerW","612204"
"0531376060","1514 CALIFORNIA AVE","181000","6/1/2007 12:00:00 AM","Normal","236000","Dwg&Lot","2006","1486","733","7441","3","Yes","0","Single-family detached (includes detached townhouses)","One story","SawyerW","706550"
"0533206060","2809 BRISTOL DR","166000","2/1/2007 12:00:00 AM","Partial","178000","Dwg&Lot","2006","1151","559","3523","2","Yes","1","Townhouse:  end unit","One story","Somerst","201504707"
"0533206070","2807 BRISTOL DR","193800","2/1/2007 12:00:00 AM","Partial","228300","Dwg&Lot","2006","1565","962","3784","2","Yes","1","Townhouse:  end unit","One story","Somerst","701762"
"0533208010","2818 NORTHRIDGE LN","252000","9/1/2014 12:00:00 AM","Normal","198100","Dwg&Lot","2006","1282","874","4230","2","Yes","1","Townhouse:  end unit","One story","Somerst","201408186"
"0533208020","2816 NORTHRIDGE LN","194000","8/1/2007 12:00:00 AM","Partial","176100","Dwg&Lot","2006","1282","0","3606","2","Yes","1","Townhouse:  end unit","One story","Somerst","710440"
"0533208030","2814 NORTHRIDGE LN","207500","7/1/2007 12:00:00 AM","Partial","219600","Dwg&Lot","2006","1517","0","5330","2","Yes","1","Townhouse:  end unit","One story","Somerst","201214273"
"0533208040","2810 NORTHRIDGE LN","239000","9/1/2014 12:00:00 AM","Normal","218400","Dwg&Lot","2006","1229","1094","4274","1","Yes","0","Townhouse:  end unit","One story","Somerst","201408670"
"0533208070","2802 NORTHRIDGE LN","156000","9/1/2012 12:00:00 AM","Normal","169700","Dwg&Lot","2006","1250","321","4251","2","Yes","0","Townhouse:  end unit","Two story","Somerst","201210971"
"0533208080","2734 NORTHRIDGE LN","171900","3/1/2008 12:00:00 AM","Normal","171300","Dwg&Lot","2006","1250","332","4017","2","Yes","0","Townhouse:  end unit","Two story","Somerst","803093"
"0533230100","2706 KENT AVE UNIT 101","0","","No Data","101000","Dwg&Lot","2006","965","0","2162","2","Yes","0","Condominium unit","One story","IOCondo","615354"
"0533230105","2706 KENT AVE UNIT 102","0","","No Data","106600","Dwg&Lot","2006","1045","0","2162","2","Yes","0","Condominium unit","One story","IOCondo","615354"
"0533230110","2706 KENT AVE UNIT 103","0","","No Data","74700","Dwg&Lot","2006","691","0","2162","1","Yes","0","Condominium unit","One story","IOCondo","615354"
"0533230115","2706 KENT AVE UNIT 104","0","","No Data","72500","Dwg&Lot","2006","659","0","2162","1","Yes","0","Condominium unit","One story","IOCondo","615354"
"0533230120","2706 KENT AVE UNIT 105","0","","No Data","108800","Dwg&Lot","2006","1076","0","2162","2","Yes","0","Condominium unit","One story","IOCondo","615354"
"0533230125","2706 KENT AVE UNIT 106","0","","No Data","101000","Dwg&Lot","2006","966","0","2162","2","Yes","0","Condominium unit","One story","IOCondo","615354"
"0533230130","2706 KENT AVE UNIT 107","0","","No Data","74700","Dwg&Lot","2006","691","0","2162","1","Yes","0","Condominium unit","One story","IOCondo","615354"
"0533230135","2706 KENT AVE UNIT 108","0","","No Data","72500","Dwg&Lot","2006","659","0","2162","1","Yes","0","Condominium unit","One story","IOCondo","615354"
"0533230140","2706 KENT AVE UNIT 109","0","","No Data","101000","Dwg&Lot","2006","965","0","2162","2","Yes","0","Condominium unit","One story","IOCondo","615354"
"0533230145","2706 KENT AVE UNIT 110","0","","No Data","106600","Dwg&Lot","2006","1045","0","2162","2","Yes","0","Condominium unit","One story","IOCondo","615354"
"0533230150","2706 KENT AVE UNIT 201","0","","No Data","101000","Dwg&Lot","2006","965","0","2162","2","Yes","0","Condominium unit","One story","IOCondo","615354"
"0533230155","2706 KENT AVE UNIT 202","0","","No Data","106600","Dwg&Lot","2006","1045","0","2162","2","Yes","0","Condominium unit","One story","IOCondo","615354"
"0533230160","2706 KENT AVE UNIT 203","0","","No Data","74700","Dwg&Lot","2006","691","0","2162","1","Yes","0","Condominium unit","One story","IOCondo","615354"
"0533230165","2706 KENT AVE UNIT 204","0","","No Data","72500","Dwg&Lot","2006","659","0","2162","1","Yes","0","Condominium unit","One story","IOCondo","615354"
"0533230170","2706 KENT AVE UNIT 205","0","","No Data","108800","Dwg&Lot","2006","1076","0","2162","2","Yes","0","Condominium unit","One story","IOCondo","615354"
"0533230175","2706 KENT AVE UNIT 206","0","","No Data","101000","Dwg&Lot","2006","966","0","2162","2","Yes","0","Condominium unit","One story","IOCondo","615354"
"0533230180","2706 KENT AVE UNIT 207","0","","No Data","74700","Dwg&Lot","2006","691","0","2162","1","Yes","0","Condominium unit","One story","IOCondo","615354"
"0533230185","2706 KENT AVE UNIT 208","0","","No Data","72500","Dwg&Lot","2006","659","0","2162","1","Yes","0","Condominium unit","One story","IOCondo","615354"
"0533230190","2706 KENT AVE UNIT 209","0","","No Data","101000","Dwg&Lot","2006","965","0","2162","2","Yes","0","Condominium unit","One story","IOCondo","615354"
"0533230195","2706 KENT AVE UNIT 210","0","","No Data","106600","Dwg&Lot","2006","1045","0","2162","2","Yes","0","Condominium unit","One story","IOCondo","615354"
"0533230300","2636 KENT AVE UNIT 101","0","","No Data","71400","Dwg&Lot","2006","643","0","2162","1","Yes","0","Condominium unit","One story","IOCondo","608995"
"0533230305","2636 KENT AVE UNIT 102","0","","No Data","102600","Dwg&Lot","2006","988","0","2162","2","Yes","0","Condominium unit","One story","IOCondo","608995"
"0533230310","2636 KENT AVE UNIT 103","0","","No Data","96400","Dwg&Lot","2006","900","0","2162","2","Yes","0","Condominium unit","One story","IOCondo","608995"
"0533230315","2636 KENT AVE UNIT 104","0","","No Data","87200","Dwg&Lot","2006","831","0","2162","2","Yes","0","Condominium unit","One story","IOCondo","608995"
"0533230320","2636 KENT AVE UNIT 105","0","","No Data","102500","Dwg&Lot","2006","987","0","2162","2","Yes","0","Condominium unit","One story","IOCondo","608995"
"0533230325","2636 KENT AVE UNIT 106","0","","No Data","71600","Dwg&Lot","2006","647","0","2162","1","Yes","0","Condominium unit","One story","IOCondo","608995"
"0533230330","2636 KENT AVE UNIT 201","0","","No Data","71400","Dwg&Lot","2006","643","0","2162","1","Yes","0","Condominium unit","One story","IOCondo","608995"
"0533230335","2636 KENT AVE UNIT 202","0","","No Data","102600","Dwg&Lot","2006","988","0","2162","2","Yes","0","Condominium unit","One story","IOCondo","608995"
"0533230340","2636 KENT AVE UNIT 203","0","","No Data","105400","Dwg&Lot","2006","1029","0","2162","2","Yes","0","Condominium unit","One story","IOCondo","608995"
"0533230345","2636 KENT AVE UNIT 204","0","","No Data","105700","Dwg&Lot","2006","1032","0","2162","2","Yes","0","Condominium unit","One story","IOCondo","608995"
"0533230350","2636 KENT AVE UNIT 205","84975","7/1/2006 12:00:00 AM","Abnorml","102500","Dwg&Lot","2006","987","0","2162","2","Yes","0","Condominium unit","One story","IOCondo","608996"
"0533230355","2636 KENT AVE UNIT 206","0","","No Data","71600","Dwg&Lot","2006","647","0","2162","1","Yes","0","Condominium unit","One story","IOCondo","608995"
"0533230400","2624 KENT AVE UNIT 101","0","","No Data","71400","Dwg&Lot","2006","643","0","2162","1","Yes","0","Condominium unit","One story","IOCondo","607860"
"0533230405","2624 KENT AVE UNIT 102","0","","No Data","102600","Dwg&Lot","2006","988","0","2162","2","Yes","0","Condominium unit","One story","IOCondo","607860"
"0533230410","2624 KENT AVE UNIT 103","0","","No Data","96400","Dwg&Lot","2006","900","0","2162","2","Yes","0","Condominium unit","One story","IOCondo","607860"
"0533230415","2624 KENT AVE UNIT 104","0","","No Data","96900","Dwg&Lot","2006","908","0","2162","2","Yes","0","Condominium unit","One story","IOCondo","607860"
"0533230420","2624 KENT AVE UNIT 105","0","","No Data","96500","Dwg&Lot","2006","902","0","2162","2","Yes","0","Condominium unit","One story","IOCondo","607860"
"0533230425","2624 KENT AVE UNIT 106","0","","No Data","87200","Dwg&Lot","2006","831","0","2162","2","Yes","0","Condominium unit","One story","IOCondo","607860"
"0533230430","2624 KENT AVE UNIT 107","0","","No Data","102500","Dwg&Lot","2006","987","0","2162","2","Yes","0","Condominium unit","One story","IOCondo","607860"
"0533230435","2624 KENT AVE UNIT 108","0","","No Data","71600","Dwg&Lot","2006","647","0","2162","1","Yes","0","Condominium unit","One story","IOCondo","607860"
"0533230440","2624 KENT AVE UNIT 201","0","","No Data","71400","Dwg&Lot","2006","643","0","2162","1","Yes","0","Condominium unit","One story","IOCondo","607860"
"0533230445","2624 KENT AVE UNIT 202","0","","No Data","102600","Dwg&Lot","2006","988","0","2162","2","Yes","0","Condominium unit","One story","IOCondo","607860"
"0533230450","2624 KENT AVE UNIT 203","0","","No Data","105400","Dwg&Lot","2006","1029","0","2162","2","Yes","0","Condominium unit","One story","IOCondo","607860"
"0533230455","2624 KENT AVE UNIT 204","0","","No Data","96900","Dwg&Lot","2006","908","0","2162","2","Yes","0","Condominium unit","One story","IOCondo","607860"
"0533230460","2624 KENT AVE UNIT 205","0","","No Data","96500","Dwg&Lot","2006","902","0","2162","2","Yes","0","Condominium unit","One story","IOCondo","607860"
"0533230465","2624 KENT AVE UNIT 206","0","","No Data","105700","Dwg&Lot","2006","1032","0","2162","2","Yes","0","Condominium unit","One story","IOCondo","607860"
"0533230470","2624 KENT AVE UNIT 207","0","","No Data","102500","Dwg&Lot","2006","987","0","2162","2","Yes","0","Condominium unit","One story","IOCondo","607860"
"0533230475","2624 KENT AVE UNIT 208","0","","No Data","71600","Dwg&Lot","2006","647","0","2162","1","Yes","0","Condominium unit","One story","IOCondo","607860"
"0905378400","3801 LINCOLN WAY UNIT 101","0","","No Data","51200","Dwg&Lot","2006","464","0","962","1","Yes","0","Condominium unit","One story","IOCondo","607499"
"0905378405","3801 LINCOLN WAY UNIT 102","0","","No Data","51200","Dwg&Lot","2006","464","0","962","1","Yes","0","Condominium unit","One story","IOCondo","607499"
"0905378410","3801 LINCOLN WAY UNIT 103","0","","No Data","63600","Dwg&Lot","2006","612","0","1269","1","Yes","0","Condominium unit","One story","IOCondo","607499"
"0905378415","3801 LINCOLN WAY UNIT 104","0","","No Data","51200","Dwg&Lot","2006","464","0","962","1","Yes","0","Condominium unit","One story","IOCondo","607499"
"0905378420","3801 LINCOLN WAY UNIT 105","0","","No Data","63600","Dwg&Lot","2006","612","0","1269","1","Yes","0","Condominium unit","One story","IOCondo","607499"
"0905378425","3801 LINCOLN WAY UNIT 106","0","","No Data","51200","Dwg&Lot","2006","464","0","962","1","Yes","0","Condominium unit","One story","IOCondo","607499"
"0905378430","3801 LINCOLN WAY UNIT 107","0","","No Data","51200","Dwg&Lot","2006","464","0","962","1","Yes","0","Condominium unit","One story","IOCondo","607499"
"0905378435","3801 LINCOLN WAY UNIT 108","0","","No Data","63600","Dwg&Lot","2006","612","0","1269","1","Yes","0","Condominium unit","One story","IOCondo","607499"
"0905378440","3801 LINCOLN WAY UNIT 109","0","","No Data","51200","Dwg&Lot","2006","464","0","962","1","Yes","0","Condominium unit","One story","IOCondo","607499"
"0905378445","3801 LINCOLN WAY UNIT 110","0","","No Data","63600","Dwg&Lot","2006","612","0","1269","1","Yes","0","Condominium unit","One story","IOCondo","607499"
"0905378450","3801 LINCOLN WAY UNIT 111","0","","No Data","51200","Dwg&Lot","2006","464","0","962","1","Yes","0","Condominium unit","One story","IOCondo","607499"
"0905378455","3801 LINCOLN WAY UNIT 112","0","","No Data","51200","Dwg&Lot","2006","464","0","962","1","Yes","0","Condominium unit","One story","IOCondo","607499"
"0905378460","3801 LINCOLN WAY UNIT 201","0","","No Data","51200","Dwg&Lot","2006","464","0","962","1","Yes","0","Condominium unit","One story","IOCondo","607499"
"0905378465","3801 LINCOLN WAY UNIT 202","0","","No Data","51200","Dwg&Lot","2006","464","0","962","1","Yes","0","Condominium unit","One story","IOCondo","607499"
"0905378470","3801 LINCOLN WAY UNIT 203","0","","No Data","63600","Dwg&Lot","2006","612","0","1269","1","Yes","0","Condominium unit","One story","IOCondo","607499"
"0905378475","3801 LINCOLN WAY UNIT 204","0","","No Data","51200","Dwg&Lot","2006","464","0","962","1","Yes","0","Condominium unit","One story","IOCondo","607499"
"0905378480","3801 LINCOLN WAY UNIT 205","0","","No Data","63600","Dwg&Lot","2006","612","0","1269","1","Yes","0","Condominium unit","One story","IOCondo","607499"
"0905378485","3801 LINCOLN WAY UNIT 206","0","","No Data","51200","Dwg&Lot","2006","464","0","962","1","Yes","0","Condominium unit","One story","IOCondo","607499"
"0905378490","3801 LINCOLN WAY UNIT 207","0","","No Data","51200","Dwg&Lot","2006","464","0","962","1","Yes","0","Condominium unit","One story","IOCondo","607499"
"0905378495","3801 LINCOLN WAY UNIT 208","0","","No Data","63600","Dwg&Lot","2006","612","0","1269","1","Yes","0","Condominium unit","One story","IOCondo","607499"
"0905378500","3801 LINCOLN WAY UNIT 209","0","","No Data","51200","Dwg&Lot","2006","464","0","962","1","Yes","0","Condominium unit","One story","IOCondo","607499"
"0905378505","3801 LINCOLN WAY UNIT 210","0","","No Data","63600","Dwg&Lot","2006","612","0","1269","1","Yes","0","Condominium unit","One story","IOCondo","607499"
"0905378510","3801 LINCOLN WAY UNIT 211","0","","No Data","51200","Dwg&Lot","2006","464","0","962","1","Yes","0","Condominium unit","One story","IOCondo","607499"
"0905378515","3801 LINCOLN WAY UNIT 212","0","","No Data","51200","Dwg&Lot","2006","464","0","962","1","Yes","0","Condominium unit","One story","IOCondo","607499"
"0905378520","3801 LINCOLN WAY UNIT 301","0","","No Data","51200","Dwg&Lot","2006","464","0","962","1","Yes","0","Condominium unit","One story","IOCondo","607499"
"0905378525","3801 LINCOLN WAY UNIT 302","0","","No Data","51200","Dwg&Lot","2006","464","0","962","1","Yes","0","Condominium unit","One story","IOCondo","607499"
"0905378530","3801 LINCOLN WAY UNIT 303","0","","No Data","63600","Dwg&Lot","2006","612","0","1269","1","Yes","0","Condominium unit","One story","IOCondo","607499"
"0905378535","3801 LINCOLN WAY UNIT 304","0","","No Data","51200","Dwg&Lot","2006","464","0","962","1","Yes","0","Condominium unit","One story","IOCondo","607499"
"0905378540","3801 LINCOLN WAY UNIT 305","0","","No Data","63600","Dwg&Lot","2006","612","0","1269","1","Yes","0","Condominium unit","One story","IOCondo","607499"
"0905378545","3801 LINCOLN WAY UNIT 306","0","","No Data","51200","Dwg&Lot","2006","464","0","962","1","Yes","0","Condominium unit","One story","IOCondo","607499"
"0905378550","3801 LINCOLN WAY UNIT 307","0","","No Data","51200","Dwg&Lot","2006","464","0","962","1","Yes","0","Condominium unit","One story","IOCondo","607499"
"0905378555","3801 LINCOLN WAY UNIT 308","0","","No Data","63600","Dwg&Lot","2006","612","0","1269","1","Yes","0","Condominium unit","One story","IOCondo","607499"
"0905378560","3801 LINCOLN WAY UNIT 309","0","","No Data","51200","Dwg&Lot","2006","464","0","962","1","Yes","0","Condominium unit","One story","IOCondo","607499"
"0905378565","3801 LINCOLN WAY UNIT 310","0","","No Data","63600","Dwg&Lot","2006","612","0","1269","1","Yes","0","Condominium unit","One story","IOCondo","607499"
"0905378570","3801 LINCOLN WAY UNIT 311","0","","No Data","51200","Dwg&Lot","2006","464","0","962","1","Yes","0","Condominium unit","One story","IOCondo","607499"
"0905378575","3801 LINCOLN WAY UNIT 312","0","","No Data","51200","Dwg&Lot","2006","464","0","962","1","Yes","0","Condominium unit","One story","IOCondo","607499"
"0906200140","1127 BRITISH COLUMBIA AVE","82500","9/1/2005 12:00:00 AM","Normal","422100","Dwg&Lot","2006","2442","2236","87566","0","Yes","1","Single-family detached (includes detached townhouses)","Two story","SawyerW","512346"
"0906340070","5111 TABOR DR","47000","10/1/2006 12:00:00 AM","Normal","372300","Dwg&Lot","2006","2488","960","16019","4","Yes","1","Single-family detached (includes detached townhouses)","Two story","CollgCr","613651"
"0906340090","5125 TABOR DR","424870","4/1/2007 12:00:00 AM","Partial","405200","Dwg&Lot","2006","2828","1150","9965","4","Yes","1","Single-family detached (includes detached townhouses)","Two story","CollgCr","703418"
"0906378150","5333 TABOR DR","365000","4/1/2012 12:00:00 AM","Normal","390400","Dwg&Lot","2006","2140","1630","10481","3","Yes","0","Single-family detached (includes detached townhouses)","One story","CollgCr","201604649"
"0906378170","5413 TABOR DR","279500","8/1/2007 12:00:00 AM","Partial","271100","Dwg&Lot","2006","1494","1194","10652","3","Yes","1","Single-family detached (includes detached townhouses)","One story","CollgCr","710416"
"0906380130","313 HARTFORD DR","220000","3/1/2009 12:00:00 AM","Abnorml","291500","Dwg&Lot","2006","1604","1334","8814","3","Yes","1","Single-family detached (includes detached townhouses)","One story","CollgCr","903492"
"0906380160","5321 DURANT ST","194000","5/1/2007 12:00:00 AM","Normal","210700","Dwg&Lot","2006","1240","0","8556","2","Yes","0","Single-family detached (includes detached townhouses)","One story","CollgCr","705070"
"0906380170","5327 DURANT ST","217000","5/1/2014 12:00:00 AM","Normal","213100","Dwg&Lot","2006","1220","684","7406","2","Yes","0","Single-family detached (includes detached townhouses)","One story","CollgCr","201403946"
"0906380180","5403 DURANT ST","193879","7/1/2006 12:00:00 AM","Partial","207600","Dwg&Lot","2006","1294","0","6762","2","Yes","1","Single-family detached (includes detached townhouses)","One story","CollgCr","608875"
"0906380190","5407 DURANT ST","219000","5/1/2014 12:00:00 AM","Normal","222500","Dwg&Lot","2006","1208","1086","6762","2","Yes","0","Single-family detached (includes detached townhouses)","One story","CollgCr","201404250"
"0906382040","324 HARTFORD DR","204900","4/1/2006 12:00:00 AM","Partial","215000","Dwg&Lot","2006","1498","0","8990","2","Yes","0","Single-family detached (includes detached townhouses)","One story","CollgCr","605994"
"0906382050","320 HARTFORD DR","239799","8/1/2006 12:00:00 AM","Partial","309200","Dwg&Lot","2006","1962","1113","8760","3","Yes","0","Single-family detached (includes detached townhouses)","Two story","CollgCr","1001168"
"0906382060","314 HARTFORD DR","212999","6/1/2007 12:00:00 AM","Normal","251900","Dwg&Lot","2006","1500","856","8760","3","Yes","1","Single-family detached (includes detached townhouses)","One story","CollgCr","901293"
"0906382070","306 HARTFORD DR","204400","11/1/2005 12:00:00 AM","Partial","264000","Dwg&Lot","2006","1544","1300","11431","3","Yes","0","Single-family detached (includes detached townhouses)","One story","CollgCr","514495"
"0906392090","215 HARTFORD DR","233555","7/1/2006 12:00:00 AM","Partial","291100","Dwg&Lot","2006","1846","1576","13377","3","Yes","1","Single-family detached (includes detached townhouses)","One story","CollgCr","201506870"
"0906394030","202 HARTFORD DR","246900","11/1/2005 12:00:00 AM","Partial","240400","Dwg&Lot","2006","1336","1026","9316","3","Yes","1","Single-family detached (includes detached townhouses)","One story","CollgCr","514884"
"0906394050","118 HARTFORD DR","176432","3/1/2007 12:00:00 AM","Normal","190200","Dwg&Lot","2006","1314","24","9317","3","Yes","1","Single-family detached (includes detached townhouses)","One story","CollgCr","703069"
"0907290260","710 POE AVE","233230","7/1/2006 12:00:00 AM","Partial","275600","Dwg&Lot","2006","1919","762","15611","3","Yes","1","Single-family detached (includes detached townhouses)","Two story","CollgCr","608470"
"0907410040","903 POE AVE","203160","8/1/2006 12:00:00 AM","Partial","239400","Dwg&Lot","2006","1737","711","8581","3","Yes","0","Single-family detached (includes detached townhouses)","Two story","CollgCr","803530"
"0907410050","839 POE AVE","213500","4/1/2007 12:00:00 AM","Normal","231200","Dwg&Lot","2006","1797","0","9245","3","Yes","0","Single-family detached (includes detached townhouses)","Two story","CollgCr","703545"
"0907420050","1020 POE AVE","173500","11/1/2010 12:00:00 AM","Normal","222300","Dwg&Lot","2006","1330","1181","8334","3","Yes","1","Single-family detached (includes detached townhouses)","One story","CollgCr","201011287"
"0907420060","1014 POE AVE","185000","5/1/2014 12:00:00 AM","Normal","192900","Dwg&Lot","2006","1491","0","8333","3","Yes","1","Single-family detached (includes detached townhouses)","Two story","CollgCr","201405269"
"0907428200","4503 TWAIN CIR UNIT 101","102500","5/1/2014 12:00:00 AM","Normal","93600","Dwg&Lot","2006","747","0","1144","1","Yes","0","Condominium unit","One story","DakotaR","201404127"
"0907428205","4503 TWAIN CIR UNIT 102","121019","5/1/2015 12:00:00 AM","Allocat","124200","Dwg&Lot","2006","952","0","1460","2","Yes","0","Condominium unit","One story","DakotaR","201504158"
"0907428210","4503 TWAIN CIR UNIT 104","105112","7/1/2016 12:00:00 AM","Normal","84700","Dwg&Lot","2006","662","0","1015","1","Yes","0","Condominium unit","One story","DakotaR","201606455"
"0907428215","4503 TWAIN CIR UNIT 105","108000","5/1/2014 12:00:00 AM","Normal","95900","Dwg&Lot","2006","771","0","1181","1","Yes","0","Condominium unit","One story","DakotaR","201404207"
"0907428220","4503 TWAIN CIR UNIT 106","97500","7/1/2008 12:00:00 AM","Partial","92300","Dwg&Lot","2006","734","0","1124","1","Yes","0","Condominium unit","One story","DakotaR","808705"
"0907428225","4503 TWAIN CIR UNIT 201","101092","6/1/2015 12:00:00 AM","Allocat","93600","Dwg&Lot","2006","747","0","1144","1","Yes","0","Condominium unit","One story","DakotaR","201505899"
"0907428230","4503 TWAIN CIR UNIT 202","122487","9/1/2013 12:00:00 AM","Allocat","135200","Dwg&Lot","2006","952","0","1460","2","Yes","0","Condominium unit","One story","DakotaR","201310865"
"0907428235","4503 TWAIN CIR UNIT 203","71599","7/1/2007 12:00:00 AM","Allocat","99000","Dwg&Lot","2006","800","0","1226","1","Yes","0","Condominium unit","One story","DakotaR","709825"
"0907428240","4503 TWAIN CIR UNIT 204","101000","9/1/2015 12:00:00 AM","Normal","84700","Dwg&Lot","2006","662","0","1015","1","Yes","0","Condominium unit","One story","DakotaR","201508798"
"0907428245","4503 TWAIN CIR UNIT 205","113364","7/1/2010 12:00:00 AM","Allocat","105500","Dwg&Lot","2006","863","0","1322","1","Yes","0","Condominium unit","One story","DakotaR","1006312"
"0907428250","4503 TWAIN CIR UNIT 206","91038","4/1/2010 12:00:00 AM","Allocat","100300","Dwg&Lot","2006","734","0","1124","1","Yes","0","Condominium unit","One story","DakotaR","1004354"
"0907428255","4503 TWAIN CIR UNIT 301","123573","4/1/2014 12:00:00 AM","Allocat","119700","Dwg&Lot","2006","965","0","1478","2","Yes","0","Condominium unit","One and one-half story:  2nd level finished","DakotaR","201403195"
"0907428260","4503 TWAIN CIR UNIT 302","140230","7/1/2013 12:00:00 AM","Allocat","150700","Dwg&Lot","2006","1141","0","1749","2","Yes","0","Condominium unit","One and one-half story:  2nd level finished","DakotaR","201504276"
"0907428265","4503 TWAIN CIR UNIT 303","138754","2/1/2014 12:00:00 AM","Allocat","142200","Dwg&Lot","2006","1064","0","1630","2","Yes","0","Condominium unit","One and one-half story:  2nd level finished","DakotaR","201401417"
"0907428270","4503 TWAIN CIR UNIT 304","105336","8/1/2011 12:00:00 AM","Allocat","122800","Dwg&Lot","2006","882","0","1352","2","Yes","0","Condominium unit","One and one-half story:  2nd level finished","DakotaR","201408905"
"0907428275","4503 TWAIN CIR UNIT 305","137692","7/1/2016 12:00:00 AM","Allocat","147800","Dwg&Lot","2006","1116","0","1710","2","Yes","0","Condominium unit","One and one-half story:  2nd level finished","DakotaR","201607001"
"0907428280","4503 TWAIN CIR UNIT 306","120000","9/1/2013 12:00:00 AM","Normal","119000","Dwg&Lot","2006","957","0","1466","2","Yes","0","Condominium unit","One and one-half story:  2nd level finished","DakotaR","201412114"
"0907428401","4510 TWAIN CIR UNIT S1","1800","12/1/2014 12:00:00 AM","Normal","3500","Bld&Lot","2006","0","36","55","0","No","0","Condominium unit","One story","DakotaR","201502250"
"0907428406","4510 TWAIN CIR UNIT S2","1009","7/1/2013 12:00:00 AM","Allocat","3500","Bld&Lot","2006","0","35","54","0","No","0","Condominium unit","One story","DakotaR","201308784"
"0907428411","4510 TWAIN CIR UNIT S3","0","","No Data","4100","Bld&Lot","2006","0","42","64","0","No","0","Condominium unit","One story","DakotaR","201408905"
"0907428416","4510 TWAIN CIR UNIT S4","990","4/1/2011 12:00:00 AM","Normal","4100","Bld&Lot","2006","0","42","65","0","No","0","Condominium unit","One story","DakotaR","201103976"
"0907428421","4510 TWAIN CIR UNIT S5","1000","9/1/2014 12:00:00 AM","Normal","4100","Bld&Lot","2006","0","44","67","0","No","0","Condominium unit","One story","DakotaR","201408559"
"0907428426","4510 TWAIN CIR UNIT S6","4195","9/1/2015 12:00:00 AM","Allocat","4000","Bld&Lot","2006","0","41","63","0","No","0","Condominium unit","One story","DakotaR","201508805"
"0907428431","4510 TWAIN CIR UNIT S7","4155","4/1/2007 12:00:00 AM","Allocat","4000","Bld&Lot","2006","0","40","61","0","No","0","Condominium unit","One story","DakotaR","704322"
"0907428436","4510 TWAIN CIR UNIT S8","4363","4/1/2007 12:00:00 AM","Allocat","4200","Bld&Lot","2006","0","47","72","0","No","0","Condominium unit","One story","DakotaR","704322"
"0907428441","4510 TWAIN CIR UNIT 101","115518","8/1/2007 12:00:00 AM","Allocat","117800","Dwg&Lot","2006","888","0","1361","2","Yes","0","Condominium unit","One story","DakotaR","710369"
"0907428446","4510 TWAIN CIR UNIT 102","85000","7/1/2009 12:00:00 AM","Normal","84400","Dwg&Lot","2006","658","0","1008","1","Yes","0","Condominium unit","One story","DakotaR","911201"
"0907428451","4510 TWAIN CIR UNIT 104","68036","2/1/2007 12:00:00 AM","Allocat","77800","Dwg&Lot","2006","597","0","916","1","Yes","0","Condominium unit","One story","DakotaR","701506"
"0907428456","4510 TWAIN CIR UNIT 105","123543","9/1/2015 12:00:00 AM","Allocat","117800","Dwg&Lot","2006","888","0","1361","2","Yes","0","Condominium unit","One story","DakotaR","201508805"
"0907428461","4510 TWAIN CIR UNIT 106","91000","10/1/2014 12:00:00 AM","Normal","84400","Dwg&Lot","2006","658","0","1008","1","Yes","0","Condominium unit","One story","DakotaR","201409536"
"0907428466","4510 TWAIN CIR UNIT 201","103530","1/1/2007 12:00:00 AM","Allocat","117800","Dwg&Lot","2006","888","0","1361","2","Yes","0","Condominium unit","One story","DakotaR","700470"
"0907428471","4510 TWAIN CIR UNIT 202","76929","8/1/2013 12:00:00 AM","Allocat","84400","Dwg&Lot","2006","658","0","1008","1","Yes","0","Condominium unit","One story","DakotaR","201309650"
"0907428476","4510 TWAIN CIR UNIT 203","79873","2/1/2007 12:00:00 AM","Allocat","92300","Dwg&Lot","2006","734","0","1125","1","Yes","0","Condominium unit","One story","DakotaR","200705756"
"0907428481","4510 TWAIN CIR UNIT 204","61676","1/1/2012 12:00:00 AM","Allocat","77800","Dwg&Lot","2006","597","0","916","1","Yes","0","Condominium unit","One story","DakotaR","201203693"
"0907428486","4510 TWAIN CIR UNIT 205","117800","6/1/2015 12:00:00 AM","Abnorml","117800","Dwg&Lot","2006","888","0","1361","2","Yes","0","Condominium unit","One story","DakotaR","201505858"
"0907428491","4510 TWAIN CIR UNIT 206","88000","5/1/2014 12:00:00 AM","Normal","84400","Dwg&Lot","2006","658","0","1008","1","Yes","0","Condominium unit","One story","DakotaR","201404060"
"0907428496","4510 TWAIN CIR UNIT 301","128542","4/1/2015 12:00:00 AM","Allocat","117800","Dwg&Lot","2006","888","0","1361","2","Yes","0","Condominium unit","One story","DakotaR","201510063"
"0907428501","4510 TWAIN CIR UNIT 302","105900","7/1/2015 12:00:00 AM","Normal","84400","Dwg&Lot","2006","658","0","1008","1","Yes","0","Condominium unit","One story","DakotaR","201507038"
"0907428506","4510 TWAIN CIR UNIT 303","92300","6/1/2015 12:00:00 AM","Abnorml","92300","Dwg&Lot","2006","734","0","1125","1","Yes","0","Condominium unit","One story","DakotaR","201505858"
"0907428511","4510 TWAIN CIR UNIT 304","82000","3/1/2013 12:00:00 AM","Normal","77800","Dwg&Lot","2006","597","0","916","1","Yes","0","Condominium unit","One story","DakotaR","201303615"
"0907428516","4510 TWAIN CIR UNIT 305","124870","5/1/2016 12:00:00 AM","Allocat","117800","Dwg&Lot","2006","888","0","1361","2","Yes","0","Condominium unit","One story","DakotaR","201604466"
"0907428521","4510 TWAIN CIR UNIT 306","80197","4/1/2007 12:00:00 AM","Allocat","84400","Dwg&Lot","2006","658","0","1008","1","Yes","0","Condominium unit","One story","DakotaR","704322"
"0907428526","4510 TWAIN CIR UNIT G1","11130","5/1/2016 12:00:00 AM","Allocat","10500","Bld&Lot","2006","0","0","341","0","No","0","Condominium unit","","DakotaR","201604466"
"0907428531","4510 TWAIN CIR UNIT G2","9571","8/1/2013 12:00:00 AM","Allocat","10500","Bld&Lot","2006","0","0","330","0","No","0","Condominium unit","","DakotaR","201309650"
"0907428536","4510 TWAIN CIR UNIT G3","24456","2/1/2007 12:00:00 AM","Allocat","10500","Bld&Lot","2006","0","0","330","0","No","0","Condominium unit","","DakotaR","701506"
"0907428541","4510 TWAIN CIR UNIT G4","8324","1/1/2012 12:00:00 AM","Allocat","10500","Bld&Lot","2006","0","0","330","0","No","0","Condominium unit","","DakotaR","201203693"
"0907428546","4510 TWAIN CIR UNIT G5","25040","1/1/2007 12:00:00 AM","Allocat","10500","Bld&Lot","2006","0","0","330","0","No","0","Condominium unit","","DakotaR","700470"
"0907428551","4510 TWAIN CIR UNIT G6","23377","2/1/2007 12:00:00 AM","Allocat","10500","Bld&Lot","2006","0","0","330","0","No","0","Condominium unit","","DakotaR","200705756"
"0907428556","4510 TWAIN CIR UNIT G7","10500","6/1/2015 12:00:00 AM","Abnorml","10500","Bld&Lot","2006","0","0","341","0","No","0","Condominium unit","","DakotaR","201505858"
"0907428561","4510 TWAIN CIR UNIT G8","10500","6/1/2015 12:00:00 AM","Abnorml","10500","Bld&Lot","2006","0","0","341","0","No","0","Condominium unit","","DakotaR","201505858"
"0907428566","4510 TWAIN CIR UNIT G9","8282","8/1/2007 12:00:00 AM","Allocat","10500","Bld&Lot","2006","0","0","330","0","No","0","Condominium unit","","DakotaR","710369"
"0907428571","4510 TWAIN CIR UNIT G10","11458","4/1/2015 12:00:00 AM","Allocat","10500","Bld&Lot","2006","0","0","330","0","No","0","Condominium unit","","DakotaR","201510063"
"0907428576","4510 TWAIN CIR UNIT G11","11012","9/1/2015 12:00:00 AM","Allocat","10500","Bld&Lot","2006","0","0","330","0","No","0","Condominium unit","","DakotaR","201508805"
"0907428581","4510 TWAIN CIR UNIT G12","9770","7/1/2013 12:00:00 AM","Allocat","10500","Bld&Lot","2006","0","0","330","0","No","0","Condominium unit","","DakotaR","201504276"
"0907428586","4510 TWAIN CIR UNIT G13","10231","5/1/2015 12:00:00 AM","Allocat","10500","Bld&Lot","2006","0","0","330","0","No","0","Condominium unit","","DakotaR","201504158"
"0907428591","4510 TWAIN CIR UNIT G14","0","","No Data","10500","Bld&Lot","2006","0","0","341","0","No","0","Condominium unit","","DakotaR","201104489"
"0907428596","4510 TWAIN CIR UNIT G15","10154","7/1/2016 12:00:00 AM","Allocat","10900","Bld&Lot","2006","0","0","349","0","No","0","Condominium unit","","DakotaR","201607001"
"0907428601","4510 TWAIN CIR UNIT G16","9513","9/1/2013 12:00:00 AM","Allocat","10500","Bld&Lot","2006","0","0","338","0","No","0","Condominium unit","","DakotaR","201310865"
"0907428606","4510 TWAIN CIR UNIT G17","11283","7/1/2010 12:00:00 AM","Allocat","10500","Bld&Lot","2006","0","0","338","0","No","0","Condominium unit","","DakotaR","1006312"
"0907428611","4510 TWAIN CIR UNIT G18","10246","2/1/2014 12:00:00 AM","Allocat","10500","Bld&Lot","2006","0","0","338","0","No","0","Condominium unit","","DakotaR","201401417"
"0907428616","4510 TWAIN CIR UNIT G19","36901","7/1/2007 12:00:00 AM","Allocat","10500","Bld&Lot","2006","0","0","338","0","No","0","Condominium unit","","DakotaR","709825"
"0907428621","4510 TWAIN CIR UNIT G20","10154","7/1/2016 12:00:00 AM","Allocat","10900","Bld&Lot","2006","0","0","349","0","No","0","Condominium unit","","DakotaR","201607001"
"0908152260","4105 HARRIS ST","205000","4/1/2015 12:00:00 AM","Normal","211600","Dwg&Lot","2006","1125","851","8536","2","Yes","0","Single-family detached (includes detached townhouses)","One story","Edwards","201503296"
"0908376200","1217 MAYFIELD DR UNIT 101","0","","No Data","82300","Dwg&Lot","2006","983","0","1612","2","Yes","0","Condominium unit","One story","IOCondo","516011"
"0908376205","1217 MAYFIELD DR UNIT 102","0","","No Data","82300","Dwg&Lot","2006","983","0","1612","2","Yes","0","Condominium unit","One story","IOCondo","516011"
"0908376210","1217 MAYFIELD DR UNIT 103","0","","No Data","58000","Dwg&Lot","2006","729","0","1612","1","Yes","0","Condominium unit","One story","IOCondo","516011"
"0908376215","1217 MAYFIELD DR UNIT 104","0","","No Data","58000","Dwg&Lot","2006","729","0","1612","1","Yes","0","Condominium unit","One story","IOCondo","516011"
"0908376220","1217 MAYFIELD DR UNIT 105","0","","No Data","57400","Dwg&Lot","2006","720","0","1612","1","Yes","0","Condominium unit","One story","IOCondo","516011"
"0908376225","1217 MAYFIELD DR UNIT 106","0","","No Data","57400","Dwg&Lot","2006","720","0","1612","1","Yes","0","Condominium unit","One story","IOCondo","516011"
"0908376230","1217 MAYFIELD DR UNIT 107","0","","No Data","57400","Dwg&Lot","2006","720","0","1612","1","Yes","0","Condominium unit","One story","IOCondo","516011"
"0908376235","1217 MAYFIELD DR UNIT 108","0","","No Data","57400","Dwg&Lot","2006","720","0","1612","1","Yes","0","Condominium unit","One story","IOCondo","516011"
"0908376240","1217 MAYFIELD DR UNIT 109","0","","No Data","82600","Dwg&Lot","2006","987","0","1612","2","Yes","0","Condominium unit","One story","IOCondo","516011"
"0908376245","1217 MAYFIELD DR UNIT 110","0","","No Data","82600","Dwg&Lot","2006","987","0","1612","2","Yes","0","Condominium unit","One story","IOCondo","516011"
"0908376250","1217 MAYFIELD DR UNIT 201","0","","No Data","82300","Dwg&Lot","2006","983","0","1612","2","Yes","0","Condominium unit","One story","IOCondo","516011"
"0908376255","1217 MAYFIELD DR UNIT 202","0","","No Data","82300","Dwg&Lot","2006","983","0","1612","2","Yes","0","Condominium unit","One story","IOCondo","516011"
"0908376260","1217 MAYFIELD DR UNIT 203","0","","No Data","58000","Dwg&Lot","2006","729","0","1612","1","Yes","0","Condominium unit","One story","IOCondo","516011"
"0908376265","1217 MAYFIELD DR UNIT 204","0","","No Data","58000","Dwg&Lot","2006","729","0","1612","1","Yes","0","Condominium unit","One story","IOCondo","516011"
"0908376270","1217 MAYFIELD DR UNIT 205","0","","No Data","57500","Dwg&Lot","2006","720","0","1612","1","Yes","0","Condominium unit","One story","IOCondo","516011"
"0908376275","1217 MAYFIELD DR UNIT 206","0","","No Data","57500","Dwg&Lot","2006","720","0","1612","1","Yes","0","Condominium unit","One story","IOCondo","516011"
"0908376280","1217 MAYFIELD DR UNIT 207","0","","No Data","57500","Dwg&Lot","2006","720","0","1612","1","Yes","0","Condominium unit","One story","IOCondo","516011"
"0908376285","1217 MAYFIELD DR UNIT 208","0","","No Data","57500","Dwg&Lot","2006","720","0","1612","1","Yes","0","Condominium unit","One story","IOCondo","516011"
"0908376290","1217 MAYFIELD DR UNIT 209","0","","No Data","82700","Dwg&Lot","2006","987","0","1612","2","Yes","0","Condominium unit","One story","IOCondo","516011"
"0908376295","1217 MAYFIELD DR UNIT 210","0","","No Data","82700","Dwg&Lot","2006","987","0","1612","2","Yes","0","Condominium unit","One story","IOCondo","516011"
"0908376300","1217 MAYFIELD DR UNIT 301","0","","No Data","82400","Dwg&Lot","2006","983","0","1612","2","Yes","0","Condominium unit","One story","IOCondo","516011"
"0908376305","1217 MAYFIELD DR UNIT 302","0","","No Data","82400","Dwg&Lot","2006","983","0","1612","2","Yes","0","Condominium unit","One story","IOCondo","516011"
"0908376310","1217 MAYFIELD DR UNIT 303","0","","No Data","58100","Dwg&Lot","2006","729","0","1612","1","Yes","0","Condominium unit","One story","IOCondo","516011"
"0908376315","1217 MAYFIELD DR UNIT 304","0","","No Data","58100","Dwg&Lot","2006","729","0","1612","1","Yes","0","Condominium unit","One story","IOCondo","516011"
"0908376320","1217 MAYFIELD DR UNIT 305","0","","No Data","57500","Dwg&Lot","2006","720","0","1612","1","Yes","0","Condominium unit","One story","IOCondo","516011"
"0908376325","1217 MAYFIELD DR UNIT 306","0","","No Data","57500","Dwg&Lot","2006","720","0","1612","1","Yes","0","Condominium unit","One story","IOCondo","516011"
"0908376330","1217 MAYFIELD DR UNIT 307","0","","No Data","57500","Dwg&Lot","2006","720","0","1612","1","Yes","0","Condominium unit","One story","IOCondo","516011"
"0908376335","1217 MAYFIELD DR UNIT 308","0","","No Data","57500","Dwg&Lot","2006","720","0","1612","1","Yes","0","Condominium unit","One story","IOCondo","516011"
"0908376340","1217 MAYFIELD DR UNIT 309","0","","No Data","82700","Dwg&Lot","2006","987","0","1612","2","Yes","0","Condominium unit","One story","IOCondo","516011"
"0908376345","1217 MAYFIELD DR UNIT 310","0","","No Data","82700","Dwg&Lot","2006","987","0","1612","2","Yes","0","Condominium unit","One story","IOCondo","516011"
"0908376350","1221 MAYFIELD DR UNIT 101","0","","No Data","82400","Dwg&Lot","2006","983","0","1612","2","Yes","0","Condominium unit","One story","IOCondo","516011"
"0908376355","1221 MAYFIELD DR UNIT 102","0","","No Data","82400","Dwg&Lot","2006","983","0","1612","2","Yes","0","Condominium unit","One story","IOCondo","516011"
"0908376360","1221 MAYFIELD DR UNIT 103","0","","No Data","58100","Dwg&Lot","2006","729","0","1612","1","Yes","0","Condominium unit","One story","IOCondo","516011"
"0908376365","1221 MAYFIELD DR UNIT 104","0","","No Data","58100","Dwg&Lot","2006","729","0","1612","1","Yes","0","Condominium unit","One story","IOCondo","516011"
"0908376370","1221 MAYFIELD DR UNIT 105","0","","No Data","57500","Dwg&Lot","2006","720","0","1612","1","Yes","0","Condominium unit","One story","IOCondo","516011"
"0908376375","1221 MAYFIELD DR UNIT 106","0","","No Data","57500","Dwg&Lot","2006","720","0","1612","1","Yes","0","Condominium unit","One story","IOCondo","516011"
"0908376380","1221 MAYFIELD DR UNIT 107","0","","No Data","57500","Dwg&Lot","2006","720","0","1612","1","Yes","0","Condominium unit","One story","IOCondo","516011"
"0908376385","1221 MAYFIELD DR UNIT 108","0","","No Data","57500","Dwg&Lot","2006","720","0","1612","1","Yes","0","Condominium unit","One story","IOCondo","516011"
"0908376390","1221 MAYFIELD DR UNIT 109","0","","No Data","82700","Dwg&Lot","2006","987","0","1612","2","Yes","0","Condominium unit","One story","IOCondo","516011"
"0908376395","1221 MAYFIELD DR UNIT 110","0","","No Data","82700","Dwg&Lot","2006","987","0","1612","2","Yes","0","Condominium unit","One story","IOCondo","516011"
"0908376400","1221 MAYFIELD DR UNIT 201","0","","No Data","82400","Dwg&Lot","2006","983","0","1612","2","Yes","0","Condominium unit","One story","IOCondo","516011"
"0908376405","1221 MAYFIELD DR UNIT 202","0","","No Data","82400","Dwg&Lot","2006","983","0","1612","2","Yes","0","Condominium unit","One story","IOCondo","516011"
"0908376410","1221 MAYFIELD DR UNIT 203","0","","No Data","58100","Dwg&Lot","2006","729","0","1612","1","Yes","0","Condominium unit","One story","IOCondo","516011"
"0908376415","1221 MAYFIELD DR UNIT 204","0","","No Data","58100","Dwg&Lot","2006","729","0","1612","1","Yes","0","Condominium unit","One story","IOCondo","516011"
"0908376420","1221 MAYFIELD DR UNIT 205","0","","No Data","57500","Dwg&Lot","2006","720","0","1612","1","Yes","0","Condominium unit","One story","IOCondo","516011"
"0908376425","1221 MAYFIELD DR UNIT 206","0","","No Data","57500","Dwg&Lot","2006","720","0","1612","1","Yes","0","Condominium unit","One story","IOCondo","516011"
"0908376430","1221 MAYFIELD DR UNIT 207","0","","No Data","57500","Dwg&Lot","2006","720","0","1612","1","Yes","0","Condominium unit","One story","IOCondo","516011"
"0908376435","1221 MAYFIELD DR UNIT 208","0","","No Data","57500","Dwg&Lot","2006","720","0","1612","1","Yes","0","Condominium unit","One story","IOCondo","516011"
"0908376440","1221 MAYFIELD DR UNIT 209","0","","No Data","82700","Dwg&Lot","2006","987","0","1612","2","Yes","0","Condominium unit","One story","IOCondo","516011"
"0908376445","1221 MAYFIELD DR UNIT 210","0","","No Data","82700","Dwg&Lot","2006","987","0","1612","2","Yes","0","Condominium unit","One story","IOCondo","516011"
"0908376450","1221 MAYFIELD DR UNIT 301","0","","No Data","82400","Dwg&Lot","2006","983","0","1612","2","Yes","0","Condominium unit","One story","IOCondo","516011"
"0908376455","1221 MAYFIELD DR UNIT 302","0","","No Data","82400","Dwg&Lot","2006","983","0","1612","2","Yes","0","Condominium unit","One story","IOCondo","516011"
"0908376460","1221 MAYFIELD DR UNIT 303","0","","No Data","58100","Dwg&Lot","2006","729","0","1612","1","Yes","0","Condominium unit","One story","IOCondo","516011"
"0908376465","1221 MAYFIELD DR UNIT 304","0","","No Data","58100","Dwg&Lot","2006","729","0","1612","1","Yes","0","Condominium unit","One story","IOCondo","516011"
"0908376470","1221 MAYFIELD DR UNIT 305","0","","No Data","57500","Dwg&Lot","2006","720","0","1612","1","Yes","0","Condominium unit","One story","IOCondo","516011"
"0908376475","1221 MAYFIELD DR UNIT 306","0","","No Data","57500","Dwg&Lot","2006","720","0","1612","1","Yes","0","Condominium unit","One story","IOCondo","516011"
"0908376480","1221 MAYFIELD DR UNIT 307","0","","No Data","57500","Dwg&Lot","2006","720","0","1612","1","Yes","0","Condominium unit","One story","IOCondo","516011"
"0908376485","1221 MAYFIELD DR UNIT 308","0","","No Data","57500","Dwg&Lot","2006","720","0","1612","1","Yes","0","Condominium unit","One story","IOCondo","516011"
"0908376490","1221 MAYFIELD DR UNIT 309","0","","No Data","82700","Dwg&Lot","2006","987","0","1612","2","Yes","0","Condominium unit","One story","IOCondo","516011"
"0908376495","1221 MAYFIELD DR UNIT 310","0","","No Data","82700","Dwg&Lot","2006","987","0","1612","2","Yes","0","Condominium unit","One story","IOCondo","516011"
"0908380800","1422 WALTON DR UNIT 101","0","","No Data","96300","Dwg&Lot","2006","1017","0","3415","2","Yes","0","Condominium unit","One story","IOCondo","607621"
"0908380805","1422 WALTON DR UNIT 102","0","","No Data","96300","Dwg&Lot","2006","1017","0","3415","2","Yes","0","Condominium unit","One story","IOCondo","607621"
"0908380810","1422 WALTON DR UNIT 103","0","","No Data","76500","Dwg&Lot","2006","835","0","2804","1","Yes","0","Condominium unit","One story","IOCondo","607621"
"0908380815","1422 WALTON DR UNIT 104","0","","No Data","76500","Dwg&Lot","2006","835","0","2804","1","Yes","0","Condominium unit","One story","IOCondo","607621"
"0908380820","1422 WALTON DR UNIT 105","0","","No Data","100300","Dwg&Lot","2006","1069","0","3591","2","Yes","0","Condominium unit","One story","IOCondo","607621"
"0908380825","1422 WALTON DR UNIT 106","0","","No Data","105100","Dwg&Lot","2006","1132","0","3802","2","Yes","0","Condominium unit","One story","IOCondo","607621"
"0908380830","1422 WALTON DR UNIT 201","0","","No Data","96300","Dwg&Lot","2006","1017","0","3415","2","Yes","0","Condominium unit","One story","IOCondo","607621"
"0908380835","1422 WALTON DR UNIT 202","0","","No Data","109600","Dwg&Lot","2006","1193","0","4007","2","Yes","0","Condominium unit","One story","IOCondo","607621"
"0908380840","1422 WALTON DR UNIT 203","0","","No Data","68900","Dwg&Lot","2006","736","0","2472","1","Yes","0","Condominium unit","One story","IOCondo","607621"
"0908380845","1422 WALTON DR UNIT 204","0","","No Data","77900","Dwg&Lot","2006","854","0","2868","1","Yes","0","Condominium unit","One story","IOCondo","607621"
"0908380850","1422 WALTON DR UNIT 205","0","","No Data","96300","Dwg&Lot","2006","1017","0","3415","2","Yes","0","Condominium unit","One story","IOCondo","607621"
"0908380855","1422 WALTON DR UNIT 206","0","","No Data","109600","Dwg&Lot","2006","1193","0","4007","2","Yes","0","Condominium unit","One story","IOCondo","607621"
"0908380860","1428 WALTON DR UNIT 101","0","","No Data","96300","Dwg&Lot","2006","1017","0","3415","2","Yes","0","Condominium unit","One story","IOCondo","607621"
"0908380865","1428 WALTON DR UNIT 102","0","","No Data","96300","Dwg&Lot","2006","1017","0","3415","2","Yes","0","Condominium unit","One story","IOCondo","607621"
"0908380870","1428 WALTON DR UNIT 103","0","","No Data","76500","Dwg&Lot","2006","835","0","2804","1","Yes","0","Condominium unit","One story","IOCondo","607621"
"0908380875","1428 WALTON DR UNIT 104","0","","No Data","76500","Dwg&Lot","2006","835","0","2804","1","Yes","0","Condominium unit","One story","IOCondo","607621"
"0908380880","1428 WALTON DR UNIT 105","0","","No Data","100300","Dwg&Lot","2006","1069","0","3591","2","Yes","0","Condominium unit","One story","IOCondo","607621"
"0908380885","1428 WALTON DR UNIT 106","0","","No Data","105100","Dwg&Lot","2006","1132","0","3802","2","Yes","0","Condominium unit","One story","IOCondo","607621"
"0908380890","1428 WALTON DR UNIT 201","0","","No Data","96300","Dwg&Lot","2006","1017","0","3415","2","Yes","0","Condominium unit","One story","IOCondo","607621"
"0908380895","1428 WALTON DR UNIT 202","0","","No Data","109600","Dwg&Lot","2006","1193","0","4007","2","Yes","0","Condominium unit","One story","IOCondo","607621"
"0908380900","1428 WALTON DR UNIT 203","0","","No Data","68900","Dwg&Lot","2006","736","0","2471","1","Yes","0","Condominium unit","One story","IOCondo","607621"
"0908380905","1428 WALTON DR UNIT 204","0","","No Data","77900","Dwg&Lot","2006","854","0","2868","1","Yes","0","Condominium unit","One story","IOCondo","607621"
"0908380910","1428 WALTON DR UNIT 205","0","","No Data","96300","Dwg&Lot","2006","1017","0","3415","2","Yes","0","Condominium unit","One story","IOCondo","607621"
"0908380915","1428 WALTON DR UNIT 206","0","","No Data","109600","Dwg&Lot","2006","1193","0","4007","2","Yes","0","Condominium unit","One story","IOCondo","607621"
"0908380920","3911 MARICOPA DR UNIT 101","0","","No Data","96300","Dwg&Lot","2006","1017","0","3415","2","Yes","0","Condominium unit","One story","IOCondo","607621"
"0908380925","3911 MARICOPA DR UNIT 102","0","","No Data","96300","Dwg&Lot","2006","1017","0","3415","2","Yes","0","Condominium unit","One story","IOCondo","607621"
"0908380930","3911 MARICOPA DR UNIT 103","0","","No Data","76500","Dwg&Lot","2006","835","0","2804","1","Yes","0","Condominium unit","One story","IOCondo","607621"
"0908380935","3911 MARICOPA DR UNIT 104","0","","No Data","76500","Dwg&Lot","2006","835","0","2804","1","Yes","0","Condominium unit","One story","IOCondo","607621"
"0908380940","3911 MARICOPA DR UNIT 105","0","","No Data","100300","Dwg&Lot","2006","1069","0","3591","2","Yes","0","Condominium unit","One story","IOCondo","607621"
"0908380945","3911 MARICOPA DR UNIT 106","0","","No Data","105100","Dwg&Lot","2006","1132","0","3802","2","Yes","0","Condominium unit","One story","IOCondo","607621"
"0908380950","3911 MARICOPA DR UNIT 201","0","","No Data","96300","Dwg&Lot","2006","1017","0","3415","2","Yes","0","Condominium unit","One story","IOCondo","607621"
"0908380955","3911 MARICOPA DR UNIT 202","0","","No Data","109600","Dwg&Lot","2006","1193","0","4007","2","Yes","0","Condominium unit","One story","IOCondo","607621"
"0908380960","3911 MARICOPA DR UNIT 203","0","","No Data","68900","Dwg&Lot","2006","736","0","2471","1","Yes","0","Condominium unit","One story","IOCondo","607621"
"0908380965","3911 MARICOPA DR UNIT 204","0","","No Data","77900","Dwg&Lot","2006","854","0","2868","1","Yes","0","Condominium unit","One story","IOCondo","607621"
"0908380970","3911 MARICOPA DR UNIT 205","0","","No Data","96300","Dwg&Lot","2006","1017","0","3415","2","Yes","0","Condominium unit","One story","IOCondo","607621"
"0908380975","3911 MARICOPA DR UNIT 206","0","","No Data","109600","Dwg&Lot","2006","1193","0","4007","2","Yes","0","Condominium unit","One story","IOCondo","607621"
"0908386300","1409 WALTON DR UNIT 101","0","","No Data","68600","Dwg&Lot","2006","716","0","2485","1","Yes","0","Condominium unit","One story","IOCondo","611075"
"0908386305","1409 WALTON DR UNIT 102","0","","No Data","68600","Dwg&Lot","2006","716","0","2485","1","Yes","0","Condominium unit","One story","IOCondo","611075"
"0908386310","1409 WALTON DR UNIT 103","0","","No Data","96700","Dwg&Lot","2006","997","0","3461","2","Yes","0","Condominium unit","One story","IOCondo","611075"
"0908386315","1409 WALTON DR UNIT 104","0","","No Data","85800","Dwg&Lot","2006","906","0","3136","2","Yes","0","Condominium unit","One story","IOCondo","611075"
"0908386320","1409 WALTON DR UNIT 201","0","","No Data","68600","Dwg&Lot","2006","716","0","2485","1","Yes","0","Condominium unit","One story","IOCondo","611075"
"0908386325","1409 WALTON DR UNIT 202","0","","No Data","68600","Dwg&Lot","2006","716","0","2485","1","Yes","0","Condominium unit","One story","IOCondo","611075"
"0908386330","1409 WALTON DR UNIT 203","0","","No Data","96700","Dwg&Lot","2006","997","0","3461","2","Yes","0","Condominium unit","One story","IOCondo","611075"
"0908386335","1409 WALTON DR UNIT 204","0","","No Data","96700","Dwg&Lot","2006","997","0","3461","2","Yes","0","Condominium unit","One story","IOCondo","611075"
"0908386340","1409 WALTON DR UNIT 301","0","","No Data","68600","Dwg&Lot","2006","716","0","2485","1","Yes","0","Condominium unit","One story","IOCondo","611075"
"0908386345","1409 WALTON DR UNIT 302","0","","No Data","68600","Dwg&Lot","2006","716","0","2485","1","Yes","0","Condominium unit","One story","IOCondo","611075"
"0908386350","1409 WALTON DR UNIT 303","0","","No Data","96700","Dwg&Lot","2006","997","0","3461","2","Yes","0","Condominium unit","One story","IOCondo","611075"
"0908386355","1409 WALTON DR UNIT 304","0","","No Data","96700","Dwg&Lot","2006","997","0","3461","2","Yes","0","Condominium unit","One story","IOCondo","611075"
"0908386400","1419 WALTON DR UNIT 101","0","","No Data","68600","Dwg&Lot","2006","716","0","2485","1","Yes","0","Condominium unit","One story","IOCondo","913630"
"0908386405","1419 WALTON DR UNIT 102","0","","No Data","68600","Dwg&Lot","2006","716","0","2485","1","Yes","0","Condominium unit","One story","IOCondo","913630"
"0908386410","1419 WALTON DR UNIT 103","0","","No Data","96700","Dwg&Lot","2006","997","0","3461","2","Yes","0","Condominium unit","One story","IOCondo","913630"
"0908386415","1419 WALTON DR UNIT 104","0","","No Data","85800","Dwg&Lot","2006","906","0","3136","2","Yes","0","Condominium unit","One story","IOCondo","913630"
"0908386420","1419 WALTON DR UNIT 201","0","","No Data","68600","Dwg&Lot","2006","716","0","2485","1","Yes","0","Condominium unit","One story","IOCondo","913630"
"0908386425","1419 WALTON DR UNIT 202","0","","No Data","68600","Dwg&Lot","2006","716","0","2485","1","Yes","0","Condominium unit","One story","IOCondo","913630"
"0908386430","1419 WALTON DR UNIT 203","0","","No Data","96700","Dwg&Lot","2006","997","0","3461","2","Yes","0","Condominium unit","One story","IOCondo","913630"
"0908386435","1419 WALTON DR UNIT 204","0","","No Data","96700","Dwg&Lot","2006","997","0","3461","2","Yes","0","Condominium unit","One story","IOCondo","913630"
"0908386440","1419 WALTON DR UNIT 301","0","","No Data","68600","Dwg&Lot","2006","716","0","2485","1","Yes","0","Condominium unit","One story","IOCondo","913630"
"0908386445","1419 WALTON DR UNIT 302","0","","No Data","68600","Dwg&Lot","2006","716","0","2485","1","Yes","0","Condominium unit","One story","IOCondo","913630"
"0908386450","1419 WALTON DR UNIT 303","0","","No Data","96700","Dwg&Lot","2006","997","0","3461","2","Yes","0","Condominium unit","One story","IOCondo","913630"
"0908386455","1419 WALTON DR UNIT 304","0","","No Data","96700","Dwg&Lot","2006","997","0","3461","2","Yes","0","Condominium unit","One story","IOCondo","913630"
"0911370450","417 ASPEN RIDGE RD","375000","10/1/2007 12:00:00 AM","Partial","283200","Dwg&Lot","2006","1625","1573","5568","2","Yes","1","Townhouse:  end unit","One story","Crawfor","201610224"
"0911370460","415 ASPEN RIDGE RD","275000","8/1/2010 12:00:00 AM","Normal","291900","Dwg&Lot","2006","1864","1656","4750","2","Yes","1","Townhouse:  end unit","One story","Crawfor","201008245"
"0914469020","512 CRYSTAL ST","205000","4/1/2013 12:00:00 AM","Normal","210000","Dwg&Lot","2006","1290","1198","8587","1","Yes","0","Single-family detached (includes detached townhouses)","One story","Mitchel","201304944"
"0916380060","3107 RED FOX RD","308000","5/1/2012 12:00:00 AM","Normal","312700","Dwg&Lot","2006","1543","1330","11563","3","Yes","1","Single-family detached (includes detached townhouses)","One story","Timber","201300898"
"0916384050","3101 COTTONTAIL LN","231713","4/1/2007 12:00:00 AM","Partial","290800","Dwg&Lot","2006","1689","1132","8368","3","Yes","0","Single-family detached (includes detached townhouses)","One story","Timber","703682"
"0916384070","3111 COTTONTAIL LN","270500","11/1/2014 12:00:00 AM","Normal","289600","Dwg&Lot","2006","1564","1028","8298","2","Yes","1","Single-family detached (includes detached townhouses)","One story","Timber","201410449"
"0916384080","3115 COTTONTAIL LN","265900","12/1/2007 12:00:00 AM","Normal","246700","Dwg&Lot","2006","1484","428","9037","2","Yes","1","Single-family detached (includes detached townhouses)","One story","Timber","714924"
"0916386040","3023 CEDAR LN","230000","3/1/2016 12:00:00 AM","Normal","202800","Dwg&Lot","2006","1442","210","9802","3","Yes","0","Single-family detached (includes detached townhouses)","Split level","Timber","201602341"
"0916386060","3103 CEDAR LN","174000","4/1/2010 12:00:00 AM","Normal","199000","Dwg&Lot","2006","1444","0","9802","3","Yes","0","Single-family detached (includes detached townhouses)","Two story","Timber","1003899"
"0916386080","3115 CEDAR LN","209500","2/1/2016 12:00:00 AM","Normal","202300","Dwg&Lot","2006","1394","224","9735","3","Yes","0","Single-family detached (includes detached townhouses)","Split level","Timber","201603241"
"0916386170","3010 COTTONTAIL LN","248900","11/1/2007 12:00:00 AM","Partial","287600","Dwg&Lot","2006","1646","190","10656","3","Yes","1","Single-family detached (includes detached townhouses)","One story","Timber","712905"
"0916475040","2320 SUNCREST DR","315000","3/1/2009 12:00:00 AM","Normal","403600","Dwg&Lot","2006","1838","1260","14601","2","Yes","1","Single-family detached (includes detached townhouses)","One story","Timber","903393"
"0921126010","3205 RED FOX RD","283463","5/1/2007 12:00:00 AM","Partial","369500","Dwg&Lot","2006","1807","1431","15306","3","Yes","1","Single-family detached (includes detached townhouses)","One story","Timber","705224"
"0921126050","3229 RED FOX RD","54900","11/1/2006 12:00:00 AM","Normal","428200","Dwg&Lot","2006","1850","1626","10640","1","Yes","1","Single-family detached (includes detached townhouses)","One story","Timber","614288"
"0921128010","2724 COTTONWOOD RD","60900","9/1/2006 12:00:00 AM","Normal","485400","Dwg&Lot","2006","2074","1174","16012","2","Yes","1","Single-family detached (includes detached townhouses)","One story","Timber","611391"
"0921128030","2710 COTTONWOOD RD","392000","9/1/2007 12:00:00 AM","Partial","419400","Dwg&Lot","2006","1824","0","12633","3","Yes","1","Single-family detached (includes detached townhouses)","One story","Timber","711253"
"0921201030","2403 COTTONWOOD RD","57000","12/1/2005 12:00:00 AM","Normal","335300","Dwg&Lot","2006","1612","1478","11903","2","Yes","1","Single-family detached (includes detached townhouses)","One story","Timber","515228"
"0921205090","2218 COTTONWOOD RD","64000","9/1/2006 12:00:00 AM","Normal","282500","Dwg&Lot","2006","1952","0","12346","2","Yes","1","Single-family detached (includes detached townhouses)","Two story","Timber","612186"
"0923202131","117 GARDEN RD","0","","No Data","142200","Dwg&Lot","2006","988","0","8402","2","No","0","Single-family detached (includes detached townhouses)","One story","Mitchel","615501"
"0923202700","108 JEWEL DR UNIT 101","0","","No Data","65400","Dwg&Lot","2006","639","0","1314","1","Yes","0","Condominium unit","One story","IOCondo","201009121"
"0923202705","108 JEWEL DR UNIT 102","0","","No Data","63100","Dwg&Lot","2006","608","0","1261","1","Yes","0","Condominium unit","One story","IOCondo","201009121"
"0923202710","108 JEWEL DR UNIT 103","0","","No Data","50600","Dwg&Lot","2006","460","0","939","1","Yes","0","Condominium unit","One story","IOCondo","201009121"
"0923202715","108 JEWEL DR UNIT 104","0","","No Data","92200","Dwg&Lot","2006","936","0","1931","2","Yes","0","Condominium unit","One story","IOCondo","201009121"
"0923202720","108 JEWEL DR UNIT 105","0","","No Data","50600","Dwg&Lot","2006","460","0","939","1","Yes","0","Condominium unit","One story","IOCondo","201009121"
"0923202725","108 JEWEL DR UNIT 106","0","","No Data","63100","Dwg&Lot","2006","608","0","1261","1","Yes","0","Condominium unit","One story","IOCondo","201009121"
"0923202730","108 JEWEL DR UNIT 107","0","","No Data","65400","Dwg&Lot","2006","639","0","1314","1","Yes","0","Condominium unit","One story","IOCondo","201009121"
"0923202735","108 JEWEL DR UNIT 201","0","","No Data","65400","Dwg&Lot","2006","639","0","1314","1","Yes","0","Condominium unit","One story","IOCondo","201009121"
"0923202740","108 JEWEL DR UNIT 202","0","","No Data","63100","Dwg&Lot","2006","608","0","1261","1","Yes","0","Condominium unit","One story","IOCondo","201009121"
"0923202745","108 JEWEL DR UNIT 203","0","","No Data","50800","Dwg&Lot","2006","462","0","939","1","Yes","0","Condominium unit","One story","IOCondo","201009121"
"0923202750","108 JEWEL DR UNIT 204","0","","No Data","50600","Dwg&Lot","2006","460","0","939","1","Yes","0","Condominium unit","One story","IOCondo","201009121"
"0923202755","108 JEWEL DR UNIT 205","0","","No Data","50600","Dwg&Lot","2006","460","0","939","1","Yes","0","Condominium unit","One story","IOCondo","201009121"
"0923202760","108 JEWEL DR UNIT 206","0","","No Data","50800","Dwg&Lot","2006","462","0","939","1","Yes","0","Condominium unit","One story","IOCondo","201009121"
"0923202765","108 JEWEL DR UNIT 207","0","","No Data","63100","Dwg&Lot","2006","608","0","1261","1","Yes","0","Condominium unit","One story","IOCondo","201009121"
"0923202770","108 JEWEL DR UNIT 208","0","","No Data","65400","Dwg&Lot","2006","639","0","1314","1","Yes","0","Condominium unit","One story","IOCondo","201009121"
"0923202775","108 JEWEL DR UNIT 301","0","","No Data","65400","Dwg&Lot","2006","639","0","1314","1","Yes","0","Condominium unit","One story","IOCondo","201009121"
"0923202780","108 JEWEL DR UNIT 302","0","","No Data","63100","Dwg&Lot","2006","608","0","1261","1","Yes","0","Condominium unit","One story","IOCondo","201009121"
"0923202785","108 JEWEL DR UNIT 303","0","","No Data","50800","Dwg&Lot","2006","462","0","939","1","Yes","0","Condominium unit","One story","IOCondo","201009121"
"0923202790","108 JEWEL DR UNIT 304","0","","No Data","50800","Dwg&Lot","2006","460","0","939","1","Yes","0","Condominium unit","One story","IOCondo","201009121"
"0923202795","108 JEWEL DR UNIT 305","0","","No Data","50600","Dwg&Lot","2006","460","0","939","1","Yes","0","Condominium unit","One story","IOCondo","201009121"
"0923202800","108 JEWEL DR UNIT 306","0","","No Data","50800","Dwg&Lot","2006","462","0","939","1","Yes","0","Condominium unit","One story","IOCondo","201009121"
"0923202805","108 JEWEL DR UNIT 307","0","","No Data","63100","Dwg&Lot","2006","608","0","1261","1","Yes","0","Condominium unit","One story","IOCondo","201009121"
"0923202810","108 JEWEL DR UNIT 308","0","","No Data","65400","Dwg&Lot","2006","639","0","1314","1","Yes","0","Condominium unit","One story","IOCondo","201009121"
"0923205120","415 GARDEN RD","103000","2/1/2011 12:00:00 AM","Abnorml","193100","Dwg&Lot","2006","1140","0","17217","3","Yes","0","Single-family detached (includes detached townhouses)","One story","Mitchel","201101456"
